{"cameraMode":{"drawMode":0,"name":"Shaded","section":"Shading Mode"},"sceneLighting":true,"audioPlay":false,"sceneViewState":{"showFog":true,"showMaterialUpdate":false,"showSkybox":true,"showFlares":true,"showImageEffects":true,"showParticleSystems":true},"in2DMode":false,"pivot":{"x":-1.1139496564865113,"y":-3.8287758827209474,"z":1.6139771938323975},"rotation":{"x":0.47155916690826418,"y":-0.10637515038251877,"z":0.057519447058439258,"w":0.8735599517822266},"size":4.337867259979248,"orthographic":false}