{"cameraMode":{"drawMode":0,"name":"Shaded","section":"Shading Mode"},"sceneLighting":true,"audioPlay":false,"sceneViewState":{"showFog":true,"showMaterialUpdate":false,"showSkybox":true,"showFlares":true,"showImageEffects":true,"showParticleSystems":true},"in2DMode":false,"pivot":{"x":-0.18387606739997865,"y":0.3973041772842407,"z":-0.9763658046722412},"rotation":{"x":0.27683135867118838,"y":0.005765472073107958,"z":-0.0016610091552138329,"w":0.9609005451202393},"size":3.3030312061309816,"orthographic":false}